{
  "Edit  heroes by id" : {
    "transaction" : "Edit  heroes by id",
    "sampleCount" : 16316,
    "errorCount" : 0,
    "errorPct" : 0.0,
    "meanResTime" : 92.77629320911936,
    "medianResTime" : 85.0,
    "minResTime" : 1.0,
    "maxResTime" : 272.0,
    "pct1ResTime" : 144.0,
    "pct2ResTime" : 168.0,
    "pct3ResTime" : 215.0,
    "throughput" : 534.6177790884367,
    "receivedKBytesPerSec" : 139.9194968708018,
    "sentKBytesPerSec" : 128.43356802319866
  },
  "Total" : {
    "transaction" : "Total",
    "sampleCount" : 83037,
    "errorCount" : 1313,
    "errorPct" : 1.5812228,
    "meanResTime" : 356.6453508676868,
    "medianResTime" : 118.0,
    "minResTime" : 1.0,
    "maxResTime" : 29633.0,
    "pct1ResTime" : 153.0,
    "pct2ResTime" : 207.0,
    "pct3ResTime" : 29271.0,
    "throughput" : 1670.999939629324,
    "receivedKBytesPerSec" : 10928.442787150605,
    "sentKBytesPerSec" : 341.6874728017528
  },
  "Delete  hero" : {
    "transaction" : "Delete  hero",
    "sampleCount" : 16224,
    "errorCount" : 0,
    "errorPct" : 0.0,
    "meanResTime" : 92.98021449704085,
    "medianResTime" : 85.0,
    "minResTime" : 1.0,
    "maxResTime" : 272.0,
    "pct1ResTime" : 144.0,
    "pct2ResTime" : 167.0,
    "pct3ResTime" : 215.0,
    "throughput" : 531.9518672743369,
    "receivedKBytesPerSec" : 129.35157710088856,
    "sentKBytesPerSec" : 105.4553018131742
  },
  "Get  hero by id" : {
    "transaction" : "Get  hero by id",
    "sampleCount" : 16784,
    "errorCount" : 291,
    "errorPct" : 1.7337941,
    "meanResTime" : 342.96985224022893,
    "medianResTime" : 87.0,
    "minResTime" : 1.0,
    "maxResTime" : 28010.0,
    "pct1ResTime" : 152.0,
    "pct2ResTime" : 187.0,
    "pct3ResTime" : 10001.0,
    "throughput" : 423.0585032641847,
    "receivedKBytesPerSec" : 119.85331156422504,
    "sentKBytesPerSec" : 74.0704920931742
  },
  "Create  hero" : {
    "transaction" : "Create  hero",
    "sampleCount" : 16569,
    "errorCount" : 159,
    "errorPct" : 0.9596234,
    "meanResTime" : 187.0572756352225,
    "medianResTime" : 86.0,
    "minResTime" : 1.0,
    "maxResTime" : 28010.0,
    "pct1ResTime" : 146.0,
    "pct2ResTime" : 178.0,
    "pct3ResTime" : 271.0,
    "throughput" : 334.1939127453156,
    "receivedKBytesPerSec" : 91.64656643311685,
    "sentKBytesPerSec" : 79.51935767915852
  },
  "Get all heroes" : {
    "transaction" : "Get all heroes",
    "sampleCount" : 17144,
    "errorCount" : 863,
    "errorPct" : 5.033831,
    "meanResTime" : 1034.5749533364458,
    "medianResTime" : 89.0,
    "minResTime" : 1.0,
    "maxResTime" : 29633.0,
    "pct1ResTime" : 172.0,
    "pct2ResTime" : 5408.5,
    "pct3ResTime" : 29298.55,
    "throughput" : 558.2909990881855,
    "receivedKBytesPerSec" : 17114.534486127395,
    "sentKBytesPerSec" : 96.47132363716295
  }
}