{
  "Edit  heroes by id" : {
    "transaction" : "Edit  heroes by id",
    "sampleCount" : 12000,
    "errorCount" : 0,
    "errorPct" : 0.0,
    "meanResTime" : 12.12324999999999,
    "medianResTime" : 5.0,
    "minResTime" : 0.0,
    "maxResTime" : 311.0,
    "pct1ResTime" : 18.0,
    "pct2ResTime" : 52.849999999996726,
    "pct3ResTime" : 135.98999999999978,
    "throughput" : 395.4522985664854,
    "receivedKBytesPerSec" : 103.49728126544736,
    "sentKBytesPerSec" : 95.00123578843302
  },
  "Total" : {
    "transaction" : "Total",
    "sampleCount" : 60000,
    "errorCount" : 1007,
    "errorPct" : 1.6783333,
    "meanResTime" : 513.1867166666683,
    "medianResTime" : 4.0,
    "minResTime" : 0.0,
    "maxResTime" : 28034.0,
    "pct1ResTime" : 7.0,
    "pct2ResTime" : 3023.9500000000007,
    "pct3ResTime" : 7249.990000000002,
    "throughput" : 1964.1220374492602,
    "receivedKBytesPerSec" : 698.2384152604099,
    "sentKBytesPerSec" : 398.92200901040985
  },
  "Delete  hero" : {
    "transaction" : "Delete  hero",
    "sampleCount" : 12000,
    "errorCount" : 0,
    "errorPct" : 0.0,
    "meanResTime" : 12.100500000000043,
    "medianResTime" : 5.0,
    "minResTime" : 0.0,
    "maxResTime" : 250.0,
    "pct1ResTime" : 19.0,
    "pct2ResTime" : 63.89999999999782,
    "pct3ResTime" : 143.0,
    "throughput" : 395.89587938372205,
    "receivedKBytesPerSec" : 96.26765035795586,
    "sentKBytesPerSec" : 78.48326515126521
  },
  "Get  hero by id" : {
    "transaction" : "Get  hero by id",
    "sampleCount" : 12000,
    "errorCount" : 0,
    "errorPct" : 0.0,
    "meanResTime" : 375.94699999999983,
    "medianResTime" : 6.0,
    "minResTime" : 0.0,
    "maxResTime" : 12012.0,
    "pct1ResTime" : 143.0,
    "pct2ResTime" : 3318.899999999998,
    "pct3ResTime" : 7090.99,
    "throughput" : 395.0617283950617,
    "receivedKBytesPerSec" : 102.627829218107,
    "sentKBytesPerSec" : 69.83024691358025
  },
  "Create  hero" : {
    "transaction" : "Create  hero",
    "sampleCount" : 12000,
    "errorCount" : 0,
    "errorPct" : 0.0,
    "meanResTime" : 12.875166666666706,
    "medianResTime" : 6.0,
    "minResTime" : 0.0,
    "maxResTime" : 402.0,
    "pct1ResTime" : 18.0,
    "pct2ResTime" : 50.94999999999891,
    "pct3ResTime" : 174.98999999999978,
    "throughput" : 395.1137598366863,
    "receivedKBytesPerSec" : 103.40867933225775,
    "sentKBytesPerSec" : 94.53405386717593
  },
  "Get all heroes" : {
    "transaction" : "Get all heroes",
    "sampleCount" : 12000,
    "errorCount" : 1007,
    "errorPct" : 8.391666,
    "meanResTime" : 2152.88766666667,
    "medianResTime" : 6.0,
    "minResTime" : 0.0,
    "maxResTime" : 28034.0,
    "pct1ResTime" : 10001.0,
    "pct2ResTime" : 10002.0,
    "pct3ResTime" : 25429.97,
    "throughput" : 392.9015781546722,
    "receivedKBytesPerSec" : 295.1099484930587,
    "sentKBytesPerSec" : 63.26904856427215
  }
}