{
  "Edit  heroes by id" : {
    "transaction" : "Edit  heroes by id",
    "sampleCount" : 31683,
    "errorCount" : 1919,
    "errorPct" : 6.0568757,
    "meanResTime" : 825.4833822554712,
    "medianResTime" : 167.0,
    "minResTime" : 0.0,
    "maxResTime" : 51024.0,
    "pct1ResTime" : 289.90000000000146,
    "pct2ResTime" : 10002.0,
    "pct3ResTime" : 10029.0,
    "throughput" : 383.4785766158315,
    "receivedKBytesPerSec" : 150.4565447417393,
    "sentKBytesPerSec" : 86.7949176198257
  },
  "Total" : {
    "transaction" : "Total",
    "sampleCount" : 161438,
    "errorCount" : 12405,
    "errorPct" : 7.6840644,
    "meanResTime" : 1151.0459619172618,
    "medianResTime" : 192.0,
    "minResTime" : 0.0,
    "maxResTime" : 102216.0,
    "pct1ResTime" : 10002.0,
    "pct2ResTime" : 10028.0,
    "pct3ResTime" : 59845.83000000003,
    "throughput" : 1539.3813410633916,
    "receivedKBytesPerSec" : 15264.644675473435,
    "sentKBytesPerSec" : 294.85776224528473
  },
  "Delete  hero" : {
    "transaction" : "Delete  hero",
    "sampleCount" : 31465,
    "errorCount" : 1779,
    "errorPct" : 5.653901,
    "meanResTime" : 747.4770697600552,
    "medianResTime" : 167.0,
    "minResTime" : 0.0,
    "maxResTime" : 28027.0,
    "pct1ResTime" : 263.0,
    "pct2ResTime" : 10003.0,
    "pct3ResTime" : 10044.0,
    "throughput" : 441.37863315003926,
    "receivedKBytesPerSec" : 161.37404897212716,
    "sentKBytesPerSec" : 82.80298752945798
  },
  "Get  hero by id" : {
    "transaction" : "Get  hero by id",
    "sampleCount" : 32197,
    "errorCount" : 2162,
    "errorPct" : 6.7149115,
    "meanResTime" : 998.5214150386646,
    "medianResTime" : 161.0,
    "minResTime" : 0.0,
    "maxResTime" : 70016.0,
    "pct1ResTime" : 198.0,
    "pct2ResTime" : 210.0,
    "pct3ResTime" : 376.0,
    "throughput" : 389.5630921124272,
    "receivedKBytesPerSec" : 158.023383336459,
    "sentKBytesPerSec" : 64.49332228762599
  },
  "Create  hero" : {
    "transaction" : "Create  hero",
    "sampleCount" : 31903,
    "errorCount" : 2010,
    "errorPct" : 6.300348,
    "meanResTime" : 867.6635739585594,
    "medianResTime" : 168.0,
    "minResTime" : 0.0,
    "maxResTime" : 70030.0,
    "pct1ResTime" : 10000.0,
    "pct2ResTime" : 10002.0,
    "pct3ResTime" : 10016.0,
    "throughput" : 343.99361676892056,
    "receivedKBytesPerSec" : 137.2525251231899,
    "sentKBytesPerSec" : 77.30867954656955
  },
  "Get all heroes" : {
    "transaction" : "Get all heroes",
    "sampleCount" : 34190,
    "errorCount" : 4535,
    "errorPct" : 13.264112,
    "meanResTime" : 2232.2005557180396,
    "medianResTime" : 170.0,
    "minResTime" : 1.0,
    "maxResTime" : 102216.0,
    "pct1ResTime" : 10001.0,
    "pct2ResTime" : 10016.0,
    "pct3ResTime" : 59446.97,
    "throughput" : 326.01647722938435,
    "receivedKBytesPerSec" : 14790.500590526428,
    "sentKBytesPerSec" : 50.99855359390495
  }
}