{
  "Edit  heroes by id" : {
    "transaction" : "Edit  heroes by id",
    "sampleCount" : 100,
    "errorCount" : 0,
    "errorPct" : 0.0,
    "meanResTime" : 1.950000000000001,
    "medianResTime" : 1.0,
    "minResTime" : 0.0,
    "maxResTime" : 18.0,
    "pct1ResTime" : 6.0,
    "pct2ResTime" : 6.0,
    "pct3ResTime" : 17.93999999999997,
    "throughput" : 117.37089201877934,
    "receivedKBytesPerSec" : 30.718163145539908,
    "sentKBytesPerSec" : 28.196522887323944
  },
  "Total" : {
    "transaction" : "Total",
    "sampleCount" : 500,
    "errorCount" : 0,
    "errorPct" : 0.0,
    "meanResTime" : 3.1639999999999984,
    "medianResTime" : 1.0,
    "minResTime" : 0.0,
    "maxResTime" : 59.0,
    "pct1ResTime" : 5.0,
    "pct2ResTime" : 12.0,
    "pct3ResTime" : 57.0,
    "throughput" : 539.9568034557235,
    "receivedKBytesPerSec" : 621.3911480831533,
    "sentKBytesPerSec" : 111.26063039956803
  },
  "Delete  hero" : {
    "transaction" : "Delete  hero",
    "sampleCount" : 100,
    "errorCount" : 0,
    "errorPct" : 0.0,
    "meanResTime" : 1.5800000000000007,
    "medianResTime" : 1.0,
    "minResTime" : 0.0,
    "maxResTime" : 11.0,
    "pct1ResTime" : 4.900000000000006,
    "pct2ResTime" : 5.0,
    "pct3ResTime" : 10.949999999999974,
    "throughput" : 117.50881316098707,
    "receivedKBytesPerSec" : 28.573920387779083,
    "sentKBytesPerSec" : 23.29520417156287
  },
  "Get  hero by id" : {
    "transaction" : "Get  hero by id",
    "sampleCount" : 100,
    "errorCount" : 0,
    "errorPct" : 0.0,
    "meanResTime" : 1.4699999999999995,
    "medianResTime" : 1.0,
    "minResTime" : 0.0,
    "maxResTime" : 12.0,
    "pct1ResTime" : 4.0,
    "pct2ResTime" : 5.0,
    "pct3ResTime" : 11.989999999999995,
    "throughput" : 115.87485515643107,
    "receivedKBytesPerSec" : 30.32662224797219,
    "sentKBytesPerSec" : 20.4817859212051
  },
  "Create  hero" : {
    "transaction" : "Create  hero",
    "sampleCount" : 100,
    "errorCount" : 0,
    "errorPct" : 0.0,
    "meanResTime" : 2.4200000000000004,
    "medianResTime" : 1.0,
    "minResTime" : 0.0,
    "maxResTime" : 15.0,
    "pct1ResTime" : 9.800000000000011,
    "pct2ResTime" : 12.949999999999989,
    "pct3ResTime" : 14.97999999999999,
    "throughput" : 116.14401858304298,
    "receivedKBytesPerSec" : 30.397067363530777,
    "sentKBytesPerSec" : 27.788363821138212
  },
  "Get all heroes" : {
    "transaction" : "Get all heroes",
    "sampleCount" : 100,
    "errorCount" : 0,
    "errorPct" : 0.0,
    "meanResTime" : 8.400000000000002,
    "medianResTime" : 2.0,
    "minResTime" : 1.0,
    "maxResTime" : 59.0,
    "pct1ResTime" : 36.30000000000004,
    "pct2ResTime" : 57.0,
    "pct3ResTime" : 58.989999999999995,
    "throughput" : 108.45986984815619,
    "receivedKBytesPerSec" : 512.5555009490239,
    "sentKBytesPerSec" : 19.065211496746205
  }
}