{
  "Edit  heroes by id" : {
    "transaction" : "Edit  heroes by id",
    "sampleCount" : 2000,
    "errorCount" : 0,
    "errorPct" : 0.0,
    "meanResTime" : 5.818500000000002,
    "medianResTime" : 3.0,
    "minResTime" : 0.0,
    "maxResTime" : 90.0,
    "pct1ResTime" : 13.0,
    "pct2ResTime" : 19.0,
    "pct3ResTime" : 45.0,
    "throughput" : 412.88191577208914,
    "receivedKBytesPerSec" : 108.05893889347647,
    "sentKBytesPerSec" : 99.18842898431048
  },
  "Total" : {
    "transaction" : "Total",
    "sampleCount" : 10000,
    "errorCount" : 0,
    "errorPct" : 0.0,
    "meanResTime" : 179.69779999999997,
    "medianResTime" : 4.0,
    "minResTime" : 0.0,
    "maxResTime" : 4009.0,
    "pct1ResTime" : 66.0,
    "pct2ResTime" : 1813.7999999999956,
    "pct3ResTime" : 2700.0,
    "throughput" : 2031.2817387771681,
    "receivedKBytesPerSec" : 2402.150143459273,
    "sentKBytesPerSec" : 418.5551239081861
  },
  "Delete  hero" : {
    "transaction" : "Delete  hero",
    "sampleCount" : 2000,
    "errorCount" : 0,
    "errorPct" : 0.0,
    "meanResTime" : 5.456499999999988,
    "medianResTime" : 3.0,
    "minResTime" : 0.0,
    "maxResTime" : 72.0,
    "pct1ResTime" : 12.0,
    "pct2ResTime" : 19.0,
    "pct3ResTime" : 41.0,
    "throughput" : 413.30853482124405,
    "receivedKBytesPerSec" : 100.5017823930564,
    "sentKBytesPerSec" : 81.93518805538334
  },
  "Get  hero by id" : {
    "transaction" : "Get  hero by id",
    "sampleCount" : 2000,
    "errorCount" : 0,
    "errorPct" : 0.0,
    "meanResTime" : 6.718499999999999,
    "medianResTime" : 5.0,
    "minResTime" : 0.0,
    "maxResTime" : 88.0,
    "pct1ResTime" : 13.0,
    "pct2ResTime" : 20.0,
    "pct3ResTime" : 39.0,
    "throughput" : 412.11621677313,
    "receivedKBytesPerSec" : 107.85854110859263,
    "sentKBytesPerSec" : 72.84476097259427
  },
  "Create  hero" : {
    "transaction" : "Create  hero",
    "sampleCount" : 2000,
    "errorCount" : 0,
    "errorPct" : 0.0,
    "meanResTime" : 5.778000000000012,
    "medianResTime" : 3.0,
    "minResTime" : 0.0,
    "maxResTime" : 90.0,
    "pct1ResTime" : 12.900000000000091,
    "pct2ResTime" : 19.0,
    "pct3ResTime" : 44.98000000000002,
    "throughput" : 412.2861265718409,
    "receivedKBytesPerSec" : 107.90300968872397,
    "sentKBytesPerSec" : 98.64267676767676
  },
  "Get all heroes" : {
    "transaction" : "Get all heroes",
    "sampleCount" : 2000,
    "errorCount" : 0,
    "errorPct" : 0.0,
    "meanResTime" : 874.7175000000001,
    "medianResTime" : 48.0,
    "minResTime" : 0.0,
    "maxResTime" : 4009.0,
    "pct1ResTime" : 2594.0,
    "pct2ResTime" : 2700.0,
    "pct3ResTime" : 3025.99,
    "throughput" : 406.58670461475907,
    "receivedKBytesPerSec" : 1986.0021409331166,
    "sentKBytesPerSec" : 71.47031917056313
  }
}